{
  "on_campus_employment": {
    "precision": 1.0,
    "recall": 0.4,
    "f1-score": 0.5714285714285715,
    "support": 5,
    "confused_with": {
      "tuition_and_fees": 1,
      "submenu_scholarship_bursaries_and_rewards": 1
    }
  },
  "submenu_other_fees_to_consider": {
    "precision": 0.9032258064516129,
    "recall": 0.9655172413793104,
    "f1-score": 0.9333333333333333,
    "support": 29,
    "confused_with": {
      "submenu_how_to_pay": 1
    }
  },
  "submenu_withdrawal_and_refund": {
    "precision": 0.9130434782608695,
    "recall": 0.8076923076923077,
    "f1-score": 0.8571428571428572,
    "support": 26,
    "confused_with": {
      "greet": 2,
      "tuition_and_fees": 1
    }
  },
  "submenu_scholarship_bursaries_and_rewards": {
    "precision": 0.9444444444444444,
    "recall": 0.85,
    "f1-score": 0.8947368421052632,
    "support": 20,
    "confused_with": {
      "greet": 2,
      "financial_aid": 1
    }
  },
  "greet": {
    "precision": 0.7058823529411765,
    "recall": 1.0,
    "f1-score": 0.8275862068965517,
    "support": 12,
    "confused_with": {}
  },
  "program_fee_calculator": {
    "precision": 0.8461538461538461,
    "recall": 0.8461538461538461,
    "f1-score": 0.8461538461538461,
    "support": 13,
    "confused_with": {
      "budget_calculator": 2
    }
  },
  "submenu_osap": {
    "precision": 0.7142857142857143,
    "recall": 0.5555555555555556,
    "f1-score": 0.6250000000000001,
    "support": 9,
    "confused_with": {
      "financial_aid": 3,
      "submenu_how_to_pay": 1
    }
  },
  "financial_planning_or_counselling": {
    "precision": 1.0,
    "recall": 0.5555555555555556,
    "f1-score": 0.7142857142857143,
    "support": 9,
    "confused_with": {
      "financial_aid": 2,
      "greet": 1
    }
  },
  "budget_calculator": {
    "precision": 0.9206349206349206,
    "recall": 1.0,
    "f1-score": 0.9586776859504132,
    "support": 58,
    "confused_with": {}
  },
  "tuition_and_fees": {
    "precision": 0.9393939393939394,
    "recall": 0.8857142857142857,
    "f1-score": 0.9117647058823529,
    "support": 35,
    "confused_with": {
      "budget_calculator": 2,
      "submenu_how_to_pay": 1
    }
  },
  "submenu_how_to_pay": {
    "precision": 0.8571428571428571,
    "recall": 0.96,
    "f1-score": 0.9056603773584904,
    "support": 25,
    "confused_with": {
      "submenu_other_fees_to_consider": 1
    }
  },
  "financial_aid": {
    "precision": 0.5882352941176471,
    "recall": 0.625,
    "f1-score": 0.6060606060606061,
    "support": 16,
    "confused_with": {
      "submenu_withdrawal_and_refund": 2,
      "submenu_osap": 2
    }
  },
  "accuracy": 0.8715953307392996,
  "macro avg": {
    "precision": 0.8610368878189191,
    "recall": 0.7875990660042383,
    "f1-score": 0.8043192288831666,
    "support": 257
  },
  "weighted avg": {
    "precision": 0.8787419330144002,
    "recall": 0.8715953307392996,
    "f1-score": 0.8674802186182777,
    "support": 257
  }
}